"album_name","album_release","track_number","track_name","danceability","energy","loudness","mode","speechiness","acousticness","instrumentalness","liveness","valence","tempo","explicit"
"Taylor Swift",2006-10-24,1,"Tim McGraw",0.58,0.491,0.225839550114555,1,0.0251,0.575,0,0.121,0.425,0.0532468087531342,FALSE
"Taylor Swift",2006-10-24,2,"Picture To Burn",0.658,0.877,0.616879019745938,1,0.0323,0.173,0,0.0962,0.821,0.263933211762024,FALSE
"Taylor Swift",2006-10-24,3,"Teardrops On My Guitar",0.621,0.417,0.2022553414923,1,0.0231,0.288,0,0.119,0.289,0.223807556416686,FALSE
"Taylor Swift",2006-10-24,4,"A Place In This World",0.576,0.777,0.515110022459507,1,0.0324,0.051,0,0.32,0.428,0.331191588785047,FALSE
"Taylor Swift",2006-10-24,5,"Cold As You",0.418,0.482,0.264911004851627,1,0.0266,0.217,0,0.123,0.261,0.762366081604741,FALSE
"Taylor Swift",2006-10-24,6,"The Outside",0.589,0.805,0.393097244907467,1,0.0293,0.00491,0,0.24,0.591,0.316617278322316,FALSE
"Taylor Swift",2006-10-24,7,"Tied Together With A Smile",0.479,0.578,0.318933398013318,1,0.0294,0.525,0,0.0841,0.192,0.552990369272852,FALSE
"Taylor Swift",2006-10-24,8,"Stay Beautiful",0.594,0.629,0.322181055517711,1,0.0246,0.0868,0,0.137,0.504,0.449217859585138,FALSE
"Taylor Swift",2006-10-24,9,"Should've Said No",0.476,0.777,0.419662342039832,0,0.0289,0.0103,0,0.196,0.472,0.708271597902895,FALSE
"Taylor Swift",2006-10-24,10,"Mary's Song (Oh My My My)",0.403,0.627,0.296483138952434,1,0.0292,0.0177,0,0.182,0.374,0.0453470480966492,FALSE
"Taylor Swift",2006-10-24,11,"Our Song",0.668,0.672,0.321292065114126,1,0.0303,0.111,0,0.329,0.539,0.145864201048552,FALSE
"Taylor Swift",2006-10-24,12,"I'm Only Me When I'm With You",0.563,0.934,0.433610709449186,1,0.0646,0.00452,0.000807,0.103,0.518,0.537311944381126,FALSE
"Taylor Swift",2006-10-24,13,"Invisible",0.612,0.394,0.267731825996845,1,0.0243,0.637,0,0.147,0.233,0.195656200136768,FALSE
"Taylor Swift",2006-10-24,14,"A Perfectly Good Heart",0.483,0.751,0.26754694726561,1,0.0365,0.00349,0,0.128,0.268,0.623703555960793,FALSE
"Taylor Swift",2006-10-24,15,"Teardrops On My Guitar (Pop Version)",0.459,0.753,0.414285754460685,1,0.0537,0.0402,0,0.0863,0.483,0.936452872122179,FALSE
"Fearless",2008-11-11,1,"Fearless",0.598,0.714,0.363328946850131,1,0.0273,0.0364,1.04e-06,0.31,0.467,0.223992762708001,FALSE
"Fearless",2008-11-11,2,"Fifteen",0.559,0.636,0.363078054770101,1,0.0263,0.0728,0,0.144,0.214,0.19198056758605,FALSE
"Fearless",2008-11-11,3,"Love Story",0.618,0.736,0.403924317653098,1,0.0308,0.157,0,0.073,0.307,0.359357191702758,FALSE
"Fearless",2008-11-11,4,"Hey Stephen",0.843,0.553,0.184161990352467,1,0.0317,0.168,2.66e-06,0.107,0.825,0.338094084795988,FALSE
"Fearless",2008-11-11,5,"White Horse",0.585,0.346,0.157979232648838,1,0.0256,0.302,0,0.102,0.195,0.171173353088671,FALSE
"Fearless",2008-11-11,6,"You Belong With Me",0.687,0.771,0.361077145100353,1,0.0384,0.164,2.46e-05,0.112,0.445,0.437585479826761,FALSE
"Fearless",2008-11-11,7,"Breathe",0.498,0.486,0.182641724877435,1,0.0273,0.373,0,0.113,0.17,0.565719740141327,FALSE
"Fearless",2008-11-11,8,"Tell Me Why",0.601,0.852,0.490230130136168,1,0.0386,0.0606,3.41e-06,0.37,0.513,0.224249202188284,FALSE
"Fearless",2008-11-11,9,"You're Not Sorry",0.459,0.459,0.386722998119377,1,0.0275,0.13,2.3e-06,0.113,0.281,0.466463414634146,FALSE
"Fearless",2008-11-11,10,"The Way I Loved You",0.436,0.712,0.427661347479728,1,0.0329,0.0322,0,0.111,0.379,0.657852746751766,FALSE
"Fearless",2008-11-11,11,"Forever & Always",0.605,0.829,0.316737875944447,1,0.0549,0.0907,0,0.106,0.514,0.423680761340324,FALSE
"Fearless",2008-11-11,12,"The Best Day",0.664,0.447,0.140119958494001,1,0.0292,0.611,1e-06,0.139,0.364,0.409911385912924,FALSE
"Fearless",2008-11-11,13,"Change",0.548,0.756,0.382384253658113,1,0.036,0.00471,0,0.117,0.224,0.195919762935947,FALSE
"Fearless",2008-11-11,14,"Jump Then Fall",0.618,0.687,0.266870150164341,1,0.0271,0.111,0,0.0693,0.82,0.0816118645999544,FALSE
"Fearless",2008-11-11,15,"Untouchable",0.419,0.454,0.208497091012371,1,0.0335,0.0583,3.78e-06,0.0974,0.288,0.936595338500114,FALSE
"Fearless",2008-11-11,16,"Forever & Always (Piano Version)",0.592,0.16,0.0834641548277324,1,0.0347,0.852,0,0.116,0.294,0.358979655801231,FALSE
"Fearless",2008-11-11,17,"Come In With The Rain",0.527,0.475,0.239607274974557,1,0.0258,0.0868,4.34e-06,0.248,0.224,0.537297697743332,FALSE
"Fearless",2008-11-11,18,"SuperStar",0.61,0.531,0.244174327349673,1,0.0239,0.367,0,0.351,0.228,0.124266298153636,FALSE
"Fearless",2008-11-11,19,"The Other Side Of The Door",0.476,0.816,0.373336111716081,1,0.0347,0.169,0,0.238,0.469,0.678944894005015,FALSE
"Fearless (Taylor's Version)",2021-04-09,1,"Fearless (Taylor's Version)",0.569,0.741,0.318933398013318,1,0.0282,0.0122,0,0.333,0.43,0.224982904034648,FALSE
"Fearless (Taylor's Version)",2021-04-09,2,"Fifteen (Taylor's Version)",0.559,0.646,0.345939377826122,1,0.0272,0.116,0,0.32,0.289,0.191845224527012,FALSE
"Fearless (Taylor's Version)",2021-04-09,3,"Love Story (Taylor's Version)",0.627,0.792,0.370595379217955,1,0.031,0.13,3.97e-06,0.0845,0.415,0.359870070663323,FALSE
"Fearless (Taylor's Version)",2021-04-09,4,"Hey Stephen (Taylor's Version)",0.788,0.571,0.243500579995202,1,0.0296,0.106,0,0.0934,0.797,0.338044221563711,FALSE
"Fearless (Taylor's Version)",2021-04-09,5,"White Horse (Taylor's Version)",0.423,0.517,0.182936345929309,1,0.0486,0.369,0,0.177,0.366,0.83149076817871,FALSE
"Fearless (Taylor's Version)",2021-04-09,6,"You Belong With Me (Taylor's Version)",0.632,0.773,0.326888769247272,1,0.0346,0.0623,0,0.0885,0.474,0.438076988830636,FALSE
"Fearless (Taylor's Version)",2021-04-09,7,"Breathe (Taylor's Version)",0.506,0.626,0.247400173579256,1,0.0287,0.156,0,0.228,0.321,0.566310975609756,FALSE
"Fearless (Taylor's Version)",2021-04-09,8,"Tell Me Why (Taylor's Version)",0.578,0.909,0.42963534256987,1,0.0628,0.0222,0,0.333,0.541,0.224306188739457,FALSE
"Fearless (Taylor's Version)",2021-04-09,9,"You're Not Sorry (Taylor's Version)",0.506,0.444,0.316956746304349,1,0.0285,0.0538,0,0.123,0.241,0.465430533394119,FALSE
"Fearless (Taylor's Version)",2021-04-09,10,"The Way I Loved You (Taylor's Version)",0.402,0.732,0.341585950686055,1,0.0484,0.0033,0,0.108,0.472,0.658892751310691,FALSE
"Fearless (Taylor's Version)",2021-04-09,11,"Forever & Always (Taylor's Version)",0.598,0.821,0.36032965012816,1,0.0447,0.0231,0,0.143,0.673,0.423808981080465,FALSE
"Fearless (Taylor's Version)",2021-04-09,12,"The Best Day (Taylor's Version)",0.642,0.576,0.140475310269688,1,0.0282,0.488,0,0.159,0.469,0.402225324823342,FALSE
"Fearless (Taylor's Version)",2021-04-09,13,"Change (Taylor's Version)",0.499,0.815,0.392373799544861,1,0.0341,0.000191,0,0.181,0.344,0.195641953498974,FALSE
"Fearless (Taylor's Version)",2021-04-09,14,"Jump Then Fall (Taylor's Version)",0.572,0.69,0.239828063091446,1,0.0358,0.0474,0,0.0897,0.624,0.652332174606793,FALSE
"Fearless (Taylor's Version)",2021-04-09,15,"Untouchable (Taylor's Version)",0.393,0.531,0.244793566619607,1,0.0329,0.0181,0,0.169,0.224,0.939259459767495,FALSE
"Fearless (Taylor's Version)",2021-04-09,16,"Forever & Always (Piano Version) [Taylor's Version]",0.546,0.273,0.120005182020427,1,0.0308,0.819,0,0.137,0.271,0.357725951675405,FALSE
"Fearless (Taylor's Version)",2021-04-09,17,"Come In With The Rain (Taylor's Version)",0.476,0.564,0.270582683764883,1,0.0269,0.0406,0,0.102,0.167,0.53706262821974,FALSE
"Fearless (Taylor's Version)",2021-04-09,18,"SuperStar (Taylor's Version)",0.454,0.555,0.214289060112006,1,0.0283,0.157,0,0.343,0.171,0.736038294962389,FALSE
"Fearless (Taylor's Version)",2021-04-09,19,"The Other Side Of The Door (Taylor's Version)",0.432,0.873,0.365847422793971,1,0.0577,0.0279,0,0.167,0.629,0.679578869386825,FALSE
"Fearless (Taylor's Version)",2021-04-09,20,"Today Was A Fairytale (Taylor's Version)",0.482,0.779,0.31441264202588,1,0.0409,0.0135,0,0.296,0.328,0.638448826077046,FALSE
"Fearless (Taylor's Version)",2021-04-09,21,"You All Over Me (Taylor's Version) [From The Vault]",0.599,0.494,0.173380399775414,1,0.0372,0.816,0,0.101,0.44,0.529682869842717,FALSE
"Fearless (Taylor's Version)",2021-04-09,22,"Mr. Perfectly Fine (Taylor's Version) [From The Vault]",0.66,0.817,0.236102181595966,0,0.0521,0.162,0,0.0667,0.714,0.480168680191475,FALSE
"Fearless (Taylor's Version)",2021-04-09,23,"We Were Happy (Taylor's Version) [From The Vault]",0.609,0.373,0.131250207900027,1,0.0263,0.849,0,0.0779,0.13,0.266932129017552,FALSE
"Fearless (Taylor's Version)",2021-04-09,24,"That's When (Taylor's Version) [From The Vault]",0.588,0.608,0.196698025321839,1,0.0365,0.225,0,0.092,0.508,0.154340950535673,FALSE
"Fearless (Taylor's Version)",2021-04-09,25,"Don't You (Taylor's Version) [From The Vault]",0.563,0.473,0.0700164359372975,1,0.0503,0.514,1.2e-05,0.109,0.405,0.237918851151128,FALSE
"Fearless (Taylor's Version)",2021-04-09,26,"Bye Bye Baby (Taylor's Version) [From The Vault]",0.624,0.624,0.163681652142781,1,0.0539,0.334,0,0.0995,0.527,0.0826162525643948,FALSE
"Speak Now",2010-10-25,1,"Mine",0.624,0.757,0.508159442560561,1,0.0296,0.00265,1.87e-06,0.189,0.658,0.374230681559152,FALSE
"Speak Now",2010-10-25,2,"Sparks Fly",0.605,0.787,0.500956481513398,1,0.0308,0.0396,1.42e-06,0.163,0.374,0.33089953271028,FALSE
"Speak Now",2010-10-25,3,"Back To December",0.529,0.67,0.341743293056299,1,0.0303,0.117,0,0.334,0.286,0.522559550945977,FALSE
"Speak Now",2010-10-25,4,"Speak Now",0.709,0.599,0.423252956091984,1,0.0304,0.095,0,0.0973,0.735,0.359307328470481,FALSE
"Speak Now",2010-10-25,5,"Dear John",0.589,0.47,0.293764965196153,1,0.028,0.166,1.45e-06,0.112,0.102,0.362235012537041,FALSE
"Speak Now",2010-10-25,6,"Mean",0.568,0.761,0.399300634223162,1,0.0459,0.452,0,0.217,0.789,0.679849555504901,FALSE
"Speak Now",2010-10-25,7,"The Story Of Us",0.543,0.818,0.435411604915063,1,0.0398,0.00478,0.000368,0.0357,0.683,0.50834852974698,FALSE
"Speak Now",2010-10-25,8,"Never Grow Up",0.714,0.305,0.130707347072171,1,0.0305,0.819,0,0.174,0.554,0.401584226122635,FALSE
"Speak Now",2010-10-25,9,"Enchanted",0.455,0.623,0.409449174632688,1,0.0288,0.0739,0.000424,0.146,0.208,0.679272566674265,FALSE
"Speak Now",2010-10-25,10,"Better Than Revenge",0.516,0.917,0.48017550301398,0,0.0827,0.0139,6.37e-06,0.36,0.635,0.550539947572373,FALSE
"Speak Now",2010-10-25,11,"Innocent",0.552,0.608,0.295801246655155,0,0.0259,0.186,0,0.125,0.17,0.466691360838842,FALSE
"Speak Now",2010-10-25,12,"Haunted",0.436,0.95,0.546134987505724,1,0.057,0.0826,1.08e-06,0.149,0.352,0.666414976065648,FALSE
"Speak Now",2010-10-25,13,"Last Kiss",0.371,0.341,0.112849593752776,1,0.0319,0.57,3.09e-05,0.101,0.196,0.146056530658764,FALSE
"Speak Now",2010-10-25,14,"Long Live",0.418,0.68,0.371535229097173,1,0.0347,0.036,7.59e-05,0.114,0.142,0.96582231593344,FALSE
"Speak Now",2010-10-25,15,"Ours",0.608,0.569,0.189365125489667,1,0.0284,0.537,0,0.097,0.238,0.65043737178026,FALSE
"Speak Now",2010-10-25,16,"If This Was A Movie",0.511,0.719,0.451128225271586,1,0.0265,0.166,4.54e-06,0.34,0.289,0.565007408251653,FALSE
"Speak Now",2010-10-25,17,"Superman",0.582,0.765,0.431717844470923,1,0.0324,0.0268,1.95e-06,0.103,0.559,0.451960337360383,FALSE
"Red",2012-10-22,1,"State Of Grace",0.588,0.825,0.258107128964594,1,0.0328,0.000197,0.00138,0.0885,0.397,0.437613973102348,FALSE
"Red",2012-10-22,2,"Red",0.602,0.896,0.374369103989045,0,0.0437,0.0773,8.87e-05,0.091,0.641,0.402068611807613,FALSE
"Red",2012-10-22,3,"Treacherous",0.705,0.621,0.155381746988317,1,0.0334,0.101,4.3e-06,0.147,0.395,0.295325678139959,FALSE
"Red",2012-10-22,4,"I Knew You Were Trouble",0.622,0.469,0.209025850885791,0,0.0363,0.00454,2.25e-06,0.0398,0.679,0.060441360838842,FALSE
"Red",2012-10-22,5,"All Too Well",0.602,0.609,0.165844090127756,1,0.0243,0.0382,2e-04,0.127,0.337,0.174706519261454,FALSE
"Red",2012-10-22,6,"22",0.658,0.729,0.220749637966914,1,0.0378,0.00215,0.0013,0.0752,0.668,0.252685491224071,FALSE
"Red",2012-10-22,7,"I Almost Do",0.567,0.481,0.183780741736415,1,0.027,0.0173,4.13e-05,0.182,0.233,0.550853373603829,FALSE
"Red",2012-10-22,8,"We Are Never Ever Getting Back Together",0.628,0.676,0.25638936102243,1,0.0916,0.00957,2.65e-05,0.102,0.75,0.124301914748119,FALSE
"Red",2012-10-22,9,"Stay Stay Stay",0.729,0.748,0.215278173472437,1,0.0245,0.307,1.29e-06,0.09,0.928,0.224007009345794,FALSE
"Red",2012-10-22,10,"The Last Time",0.505,0.443,0.19774249066066,1,0.0276,0.035,3.15e-06,0.0921,0.123,0.181893948028265,FALSE
"Red",2012-10-22,11,"Holy Ground",0.627,0.816,0.213894688416951,1,0.0774,0.0162,0.00208,0.0966,0.648,0.630477832231593,FALSE
"Red",2012-10-22,12,"Sad Beautiful Tragic",0.624,0.34,0.0573984282224942,1,0.029,0.632,0.0337,0.121,0.261,0.437749316161386,FALSE
"Red",2012-10-22,13,"The Lucky One",0.706,0.499,0.170804772005971,1,0.0369,0.0371,0,0.132,0.545,0.351913323455664,FALSE
"Red",2012-10-22,14,"Everything Has Changed",0.624,0.458,0.211105719580854,1,0.0287,0.36,3.89e-06,0.303,0.436,0.0817970708912696,FALSE
"Red",2012-10-22,15,"Starlight",0.649,0.777,0.262784654083849,1,0.0406,0.0213,0.000335,0.221,0.587,0.409476863460223,FALSE
"Red",2012-10-22,16,"Begin Again",0.53,0.526,0.146251389195779,1,0.0263,0.199,3.52e-06,0.232,0.323,0.0747307385457032,FALSE
"Red",2012-10-22,17,"The Moment I Knew",0.62,0.506,0.185054648979471,1,0.0312,0.187,1.47e-05,0.102,0.275,0.409455493503533,FALSE
"Red",2012-10-22,18,"Come Back...Be Here",0.483,0.548,0.234909186018037,1,0.0254,0.00471,2.01e-06,0.0997,0.217,0.0811488488716662,FALSE
"Red",2012-10-22,19,"Girl At Home",0.733,0.59,0.259417936211881,1,0.0284,0.272,0,0.136,0.633,0.402567244130385,FALSE
"Red",2012-10-22,20,"Treacherous (Original Demo Recording)",0.828,0.64,0.149692485676004,1,0.0355,0.175,6.14e-05,0.0996,0.519,0.295325678139959,FALSE
"Red",2012-10-22,21,"Red (Original Demo Recording)",0.678,0.902,0.34205819525675,0,0.0358,0.113,0.000235,0.0722,0.637,0.402211078185548,FALSE
"Red",2012-10-22,22,"State Of Grace (Acoustic Version)",0.626,0.118,0.0256448403651772,1,0.0305,0.664,0.000169,0.127,0.0682,0.264011568269888,FALSE
"Red (Taylor's Version)",2021-11-12,1,"State Of Grace (Taylor's Version)",0.594,0.713,0.294171096975272,1,0.0503,0.000328,0,0.114,0.328,0.43754273991338,FALSE
"Red (Taylor's Version)",2021-11-12,2,"Red (Taylor's Version)",0.516,0.777,0.322998124059563,0,0.0375,0.00108,1.62e-06,0.0761,0.408,0.402560120811488,FALSE
"Red (Taylor's Version)",2021-11-12,3,"Treacherous (Taylor's Version)",0.645,0.593,0.223563036653701,1,0.0288,0.0344,0.000127,0.13,0.299,0.295261568269888,FALSE
"Red (Taylor's Version)",2021-11-12,4,"I Knew You Were Trouble (Taylor's Version)",0.584,0.557,0.230621610169706,1,0.0342,0.0129,0,0.0576,0.767,0.608858559379986,FALSE
"Red (Taylor's Version)",2021-11-12,5,"All Too Well (Taylor's Version)",0.44,0.528,0.165615126249005,1,0.0317,0.0171,0.00203,0.234,0.132,0.836548324595395,FALSE
"Red (Taylor's Version)",2021-11-12,6,"22 (Taylor's Version)",0.642,0.695,0.274157417192788,1,0.0281,0.000443,1.02e-05,0.0753,0.642,0.252521654889446,FALSE
"Red (Taylor's Version)",2021-11-12,7,"I Almost Do (Taylor's Version)",0.511,0.559,0.2194320194629,1,0.0264,0.0167,0,0.113,0.248,0.55096022338728,FALSE
"Red (Taylor's Version)",2021-11-12,8,"We Are Never Ever Getting Back Together (Taylor's Version)",0.567,0.686,0.24327641092247,1,0.175,0.0317,1.86e-06,0.0732,0.716,0.737121039434693,FALSE
"Red (Taylor's Version)",2021-11-12,9,"Stay Stay Stay (Taylor's Version)",0.693,0.681,0.19774249066066,1,0.025,0.0848,0,0.0768,0.663,0.224284818782767,FALSE
"Red (Taylor's Version)",2021-11-12,10,"The Last Time (Taylor's Version)",0.502,0.534,0.253863346062737,1,0.0278,0.0399,0,0.0977,0.155,0.181758604969227,FALSE
"Red (Taylor's Version)",2021-11-12,11,"Holy Ground (Taylor's Version)",0.622,0.809,0.273968101353102,1,0.0638,0.0288,0.00218,0.109,0.511,0.629416457715979,FALSE
"Red (Taylor's Version)",2021-11-12,12,"Sad Beautiful Tragic (Taylor's Version)",0.601,0.406,0.0656598671978357,1,0.0275,0.622,9.19e-05,0.133,0.232,0.438262195121951,FALSE
"Red (Taylor's Version)",2021-11-12,13,"The Lucky One (Taylor's Version)",0.686,0.571,0.193285822619974,1,0.05,0.066,0,0.0608,0.538,0.351571404148621,FALSE
"Red (Taylor's Version)",2021-11-12,14,"Everything Has Changed (Taylor's Version)",0.498,0.61,0.30917188938917,1,0.0363,0.271,0,0.223,0.474,0.0810918623204924,FALSE
"Red (Taylor's Version)",2021-11-12,15,"Starlight (Taylor's Version)",0.628,0.685,0.259179113461595,1,0.0358,0.00324,0,0.18,0.605,0.409448370184636,FALSE
"Red (Taylor's Version)",2021-11-12,16,"Begin Again (Taylor's Version)",0.519,0.527,0.170883448624908,1,0.0274,0.075,0,0.132,0.267,0.0739471734670618,FALSE
"Red (Taylor's Version)",2021-11-12,17,"The Moment I Knew (Taylor's Version)",0.636,0.402,0.163870206128463,1,0.031,0.0494,0,0.107,0.208,0.409006724413038,FALSE
"Red (Taylor's Version)",2021-11-12,18,"Come Back...Be Here (Taylor's Version)",0.46,0.632,0.249402039140518,1,0.0302,0.0158,0,0.0822,0.399,0.080578983359927,FALSE
"Red (Taylor's Version)",2021-11-12,19,"Girl At Home (Taylor's Version)",0.691,0.736,0.200724322164329,1,0.0326,0.00955,1.88e-05,0.101,0.612,0.402859300205151,FALSE
"Red (Taylor's Version)",2021-11-12,20,"State Of Grace (Acoustic Version) [Taylor's Version]",0.445,0.131,0.0418986471096769,1,0.0564,0.663,1.57e-06,0.108,0.101,1,FALSE
"Red (Taylor's Version)",2021-11-12,21,"Ronan (Taylor's Version)",0.623,0.279,0.0831380817915622,1,0.031,0.661,0,0.193,0.38,0.338400387508548,FALSE
"Red (Taylor's Version)",2021-11-12,22,"Better Man (Taylor's Version) [From The Vault]",0.473,0.579,0.261577268271911,1,0.0384,0.214,0,0.0877,0.255,0.0385229085935718,FALSE
"Red (Taylor's Version)",2021-11-12,23,"Nothing New (Taylor's Version) [From The Vault]",0.606,0.377,0.113370483810541,1,0.0275,0.817,0,0.154,0.446,0.238104057442443,FALSE
"Red (Taylor's Version)",2021-11-12,24,"Babe (Taylor's Version) [From The Vault]",0.584,0.743,0.196110117547605,1,0.0931,0.0538,2.83e-06,0.121,0.746,0.707416799635286,FALSE
"Red (Taylor's Version)",2021-11-12,25,"Message In A Bottle (Taylor's Version) [From The Vault]",0.622,0.791,0.245131995154342,1,0.0535,0.00188,3.72e-06,0.083,0.494,0.337509972646455,FALSE
"Red (Taylor's Version)",2021-11-12,26,"I Bet You Think About Me (Taylor's Version) [From The Vault]",0.391,0.715,0.353508613361997,1,0.0495,0.167,0,0.183,0.473,0.577843628903579,TRUE
"Red (Taylor's Version)",2021-11-12,27,"Forever Winter (Taylor's Version) [From The Vault]",0.611,0.552,0.261336457618902,1,0.031,0.256,0,0.134,0.41,0.338200934579439,FALSE
"Red (Taylor's Version)",2021-11-12,28,"Run (Taylor's Version) [From The Vault]",0.61,0.488,0.203329316146771,1,0.0293,0.817,0,0.312,0.443,0.402503134260314,FALSE
"Red (Taylor's Version)",2021-11-12,29,"The Very First Night (Taylor's Version) [From The Vault]",0.678,0.733,0.31441264202588,1,0.0281,0.00115,0,0.104,0.581,0.373796159106451,FALSE
"Red (Taylor's Version)",2021-11-12,30,"All Too Well (10 Minute Version) [Taylor's Version] [From The Vault]",0.631,0.518,0.13270888490465,1,0.0303,0.274,0,0.088,0.205,0.174442956462275,TRUE
"1989",2014-10-27,1,"Welcome To New York",0.789,0.634,0.334041172954573,1,0.0323,0.0348,1.64e-06,0.302,0.658,0.345181787098245,FALSE
"1989",2014-10-27,2,"Blank Space",0.76,0.703,0.287607362886303,1,0.054,0.103,0,0.0913,0.57,0.195627706861181,FALSE
"1989",2014-10-27,3,"Style",0.588,0.791,0.275740145234636,1,0.0402,0.00245,0.00258,0.118,0.487,0.188048495555049,FALSE
"1989",2014-10-27,4,"Out Of The Woods",0.553,0.841,0.20244171135934,1,0.0396,0.000743,1.19e-05,0.341,0.338,0.167212787782083,FALSE
"1989",2014-10-27,5,"All You Had To Do Was Stay",0.605,0.725,0.26736219619998,1,0.0323,0.00201,2.02e-05,0.101,0.539,0.202558696147709,FALSE
"1989",2014-10-27,6,"Shake It Off",0.647,0.8,0.289467626417603,1,0.165,0.0647,0,0.334,0.942,0.6520971050832,FALSE
"1989",2014-10-27,7,"I Wish You Would",0.653,0.893,0.253162863912695,1,0.0538,0.0158,4.95e-05,0.102,0.513,0.352611408707545,FALSE
"1989",2014-10-27,8,"Bad Blood",0.646,0.794,0.245244908607202,1,0.19,0.0885,6.16e-06,0.201,0.287,0.724313312058354,FALSE
"1989",2014-10-27,9,"Wildest Dreams",0.55,0.688,0.181300916701702,1,0.0897,0.0692,0.00144,0.106,0.465,0.509053738317757,FALSE
"1989",2014-10-27,10,"How You Get The Girl",0.765,0.656,0.244793566619607,1,0.0504,0.00364,0.00868,0.0918,0.545,0.36658736038295,FALSE
"1989",2014-10-27,11,"This Love",0.481,0.435,0.131977531170712,1,0.0321,0.678,0,0.0928,0.107,0.537212217916571,FALSE
"1989",2014-10-27,12,"I Know Places",0.602,0.755,0.31688377271815,1,0.071,0.245,0,0.178,0.495,0.651292170047869,FALSE
"1989",2014-10-27,13,"Clean",0.815,0.377,0.167725849432935,1,0.0346,0.232,0,0.1,0.211,0.252421928424892,FALSE
"1989",2014-10-27,14,"Wonderland",0.422,0.692,0.285298836152072,1,0.0549,0.0493,2.57e-05,0.177,0.197,0.822600866195578,FALSE
"1989",2014-10-27,15,"You Are In Love",0.474,0.48,0.129003056421799,1,0.0622,0.707,0.000108,0.0903,0.319,0.723551116936403,FALSE
"1989",2014-10-27,16,"New Romantics",0.633,0.889,0.258821291515309,1,0.0715,0.00463,0.000458,0.0658,0.584,0.380541942101664,FALSE
"reputation",2017-11-10,1,"...Ready For It?",0.613,0.764,0.223408658105638,1,0.136,0.0527,0,0.197,0.417,0.651648335992706,FALSE
"reputation",2017-11-10,2,"End Game",0.649,0.589,0.237848271693862,1,0.0558,0.00845,0,0.108,0.151,0.644938169591976,FALSE
"reputation",2017-11-10,3,"I Did Something Bad",0.696,0.602,0.242325992409255,0,0.159,0.0679,2.11e-05,0.0696,0.305,0.102967574652382,FALSE
"reputation",2017-11-10,4,"Don't Blame Me",0.615,0.534,0.212862912452723,0,0.0386,0.106,1.76e-05,0.0607,0.193,0.479990597219056,FALSE
"reputation",2017-11-10,5,"Delicate",0.75,0.404,0.0959842553582907,0,0.0682,0.216,0.000357,0.0911,0.0499,0.188846307271484,FALSE
"reputation",2017-11-10,6,"Look What You Made Me Do",0.766,0.709,0.225372021414598,0,0.123,0.204,1.41e-05,0.126,0.506,0.424093913836334,FALSE
"reputation",2017-11-10,7,"So It Goes...",0.574,0.61,0.186939036513748,1,0.0732,0.122,1.1e-06,0.13,0.374,0.0457530772737633,FALSE
"reputation",2017-11-10,8,"Gorgeous",0.8,0.535,0.214585315988437,1,0.135,0.0713,9.48e-06,0.213,0.451,0.167348130841121,FALSE
"reputation",2017-11-10,9,"Getaway Car",0.562,0.689,0.211592368524095,1,0.127,0.00465,2.23e-06,0.0888,0.351,0.737405972190563,FALSE
"reputation",2017-11-10,10,"King Of My Heart",0.675,0.703,0.16210633981552,1,0.0382,0.00882,2.21e-06,0.0391,0.314,0.295446774561203,FALSE
"reputation",2017-11-10,11,"Dancing With Our Hands Tied",0.624,0.691,0.21448651854918,0,0.196,0.0604,1.1e-05,0.138,0.284,0.651712445862776,FALSE
"reputation",2017-11-10,12,"Dress",0.719,0.469,0.132068729514642,1,0.0533,0.0329,0,0.169,0.0851,0.367214212445863,FALSE
"reputation",2017-11-10,13,"This Is Why We Can't Have Nice Things",0.567,0.789,0.251999686210924,1,0.115,0.0156,0,0.382,0.438,0.679749829040346,FALSE
"reputation",2017-11-10,14,"Call It What You Want",0.598,0.504,0.102943753665927,1,0.0731,0.186,0.000221,0.34,0.252,0.679707089126966,FALSE
"reputation",2017-11-10,15,"New Year's Day",0.661,0.151,0.0517130317916963,1,0.0354,0.921,0,0.13,0.23,0.187970139047185,FALSE
"Lover",2019-08-23,1,"I Forgot That You Existed",0.664,0.316,0.0923634188419631,1,0.519,0.298,2.03e-06,0.0812,0.541,0.173388705265557,FALSE
"Lover",2019-08-23,2,"Cruel Summer",0.552,0.702,0.268720005671711,1,0.157,0.117,2.06e-05,0.105,0.564,0.722731935263278,FALSE
"Lover",2019-08-23,3,"Lover",0.359,0.543,0.174501835720265,1,0.0919,0.492,1.58e-05,0.118,0.453,0,FALSE
"Lover",2019-08-23,4,"The Man",0.777,0.658,0.302621653576335,1,0.054,0.0767,0,0.0901,0.633,0.29571746067928,FALSE
"Lover",2019-08-23,5,"The Archer",0.292,0.574,0.115478198468946,1,0.0401,0.12,0.00569,0.0663,0.166,0.39755242762708,FALSE
"Lover",2019-08-23,6,"I Think He Knows",0.897,0.366,0.157434532914294,1,0.0569,0.00889,0.000353,0.0715,0.416,0.224163722361523,FALSE
"Lover",2019-08-23,7,"Miss Americana & The Heartbreak Prince",0.662,0.747,0.202955114463208,0,0.0736,0.028,0.00615,0.138,0.487,0.580935149304764,FALSE
"Lover",2019-08-23,8,"Paper Rings",0.811,0.719,0.221156648582988,1,0.0497,0.0129,1.36e-05,0.0742,0.865,0.252486038294962,FALSE
"Lover",2019-08-23,9,"Cornelia Street",0.824,0.624,0.106463318705131,1,0.0827,0.781,0.000189,0.1,0.248,0.238474470025074,FALSE
"Lover",2019-08-23,10,"Death By A Thousand Cuts",0.712,0.732,0.211154334065884,1,0.0629,0.454,0,0.319,0.313,0.181908194666059,FALSE
"Lover",2019-08-23,11,"London Boy",0.695,0.71,0.216820329460461,1,0.05,0.0246,0.000104,0.133,0.557,0.636760599498518,FALSE
"Lover",2019-08-23,12,"Soon You'll Get Better",0.433,0.182,0.0553859998277357,1,0.0641,0.907,0,0.123,0.421,0.9897281741509,FALSE
"Lover",2019-08-23,13,"False God",0.739,0.32,0.0819973845457475,0,0.239,0.736,0.000147,0.111,0.351,0.0814622749031228,FALSE
"Lover",2019-08-23,14,"You Need To Calm Down",0.771,0.671,0.274346863852402,1,0.0553,0.00929,0,0.0637,0.714,0.117477775245042,FALSE
"Lover",2019-08-23,15,"Afterglow",0.756,0.449,0.133475021658095,1,0.0344,0.13,0,0.114,0.399,0.302577216776841,FALSE
"Lover",2019-08-23,16,"ME!",0.61,0.83,0.388597497954393,1,0.0571,0.033,0,0.118,0.728,0.809408479598815,FALSE
"Lover",2019-08-23,17,"It's Nice To Have A Friend",0.737,0.175,0.10204694319422,1,0.0401,0.971,0.000337,0.171,0.545,0.0104997720537952,FALSE
"Lover",2019-08-23,18,"Daylight",0.557,0.496,0.109597336552381,1,0.0563,0.808,0.000173,0.0772,0.265,0.580187200820606,FALSE
"folklore",2020-07-24,1,"the 1",0.78,0.361,0.202208775840144,1,0.048,0.75,7.14e-06,0.108,0.163,0.508377023022566,TRUE
"folklore",2020-07-24,2,"cardigan",0.612,0.58,0.138931268173676,0,0.0419,0.525,0.000414,0.26,0.534,0.438162468657397,FALSE
"folklore",2020-07-24,3,"the last great american dynasty",0.688,0.653,0.139379852311282,1,0.0403,0.481,0.00414,0.106,0.701,0.5659975495783,TRUE
"folklore",2020-07-24,4,"exile",0.31,0.374,0.142429516497329,1,0.0275,0.761,2.46e-05,0.11,0.16,0.0527410531114657,FALSE
"folklore",2020-07-24,5,"my tears ricochet",0.456,0.265,0.0858420340887521,1,0.0328,0.814,0,0.0679,0.112,0.437464383405516,FALSE
"folklore",2020-07-24,6,"mirrorball",0.549,0.417,0.0985371506858619,1,0.035,0.686,1.9e-06,0.0604,0.347,0.29635143606109,FALSE
"folklore",2020-07-24,7,"seven",0.602,0.494,0.0829277724857124,1,0.0277,0.888,2.59e-05,0.0902,0.374,0.188205208570777,FALSE
"folklore",2020-07-24,8,"august",0.387,0.634,0.119618953880618,1,0.0363,0.553,6.93e-05,0.0931,0.42,0.14982476635514,FALSE
"folklore",2020-07-24,9,"this is me trying",0.511,0.478,0.103824536265331,1,0.0322,0.312,2.3e-05,0.147,0.408,0.47974128105767,FALSE
"folklore",2020-07-24,10,"illicit affairs",0.529,0.304,0.087760684113662,1,0.0356,0.862,0,0.108,0.44,0.363616936403009,FALSE
"folklore",2020-07-24,11,"invisible string",0.651,0.459,0.0771258564989214,0,0.0507,0.859,6.63e-05,0.105,0.454,0.106287041258263,FALSE
"folklore",2020-07-24,12,"mad woman",0.593,0.7,0.125429589230232,1,0.0492,0.67,6.77e-06,0.116,0.451,0.52259516754046,TRUE
"folklore",2020-07-24,13,"epiphany",0.317,0.254,0.0428647208702384,1,0.0286,0.727,0.000326,0.0867,0.103,0.180925176658309,FALSE
"folklore",2020-07-24,14,"betty",0.595,0.376,0.13283117061069,1,0.0256,0.589,0,0.0989,0.476,0.195264417597447,TRUE
"folklore",2020-07-24,15,"peace",0.644,0.284,0.0515347294020903,1,0.0821,0.916,1.5e-05,0.0909,0.328,0.580821176202416,TRUE
"folklore",2020-07-24,16,"hoax",0.676,0.178,0.0315500462337463,1,0.0394,0.964,7.9e-06,0.135,0.404,0.358345680419421,FALSE
"folklore",2020-07-24,17,"the lakes",0.313,0.258,0.0702748617656134,1,0.0383,0.842,1.3e-06,0.0948,0.268,0.793630328242535,FALSE
"evermore",2020-12-11,1,"willow",0.392,0.574,0.120364938979121,1,0.17,0.833,0.00179,0.145,0.529,0.0895971050832003,FALSE
"evermore",2020-12-11,2,"champagne problems",0.462,0.24,0.0619869117636061,1,0.0377,0.92,0,0.113,0.32,0.732170332801459,TRUE
"evermore",2020-12-11,3,"gold rush",0.512,0.462,0.0893099816223518,1,0.0408,0.83,0.166,0.121,0.353,0.309978345110554,TRUE
"evermore",2020-12-11,4,"'tis the damn season",0.575,0.434,0.151600278805367,1,0.0312,0.735,6.59e-05,0.105,0.348,0.551216662867563,FALSE
"evermore",2020-12-11,5,"tolerate it",0.316,0.361,0.0916009546844429,1,0.0488,0.878,2.67e-05,0.0797,0.221,0.0457174606792796,TRUE
"evermore",2020-12-11,6,"no body, no crime",0.546,0.613,0.174220798542373,0,0.0264,0.418,0,0.103,0.535,0.0746595053567358,FALSE
"evermore",2020-12-11,7,"happiness",0.559,0.334,0.0844695148844578,1,0.0376,0.87,0,0.114,0.211,0.381418110325963,TRUE
"evermore",2020-12-11,8,"dorothea",0.605,0.488,0.147163463356571,1,0.0264,0.696,0,0.129,0.354,0.366366537497151,FALSE
"evermore",2020-12-11,9,"coney island",0.537,0.537,0.0747136579828431,1,0.0617,0.819,0.000904,0.142,0.292,0.280380955094598,FALSE
"evermore",2020-12-11,10,"ivy",0.515,0.545,0.118113625393405,1,0.0353,0.855,1.97e-05,0.0921,0.535,0.144760086619558,TRUE
"evermore",2020-12-11,11,"cowboy like me",0.604,0.517,0.125487364993048,1,0.0347,0.768,0.000155,0.123,0.511,0.42336021198997,TRUE
"evermore",2020-12-11,12,"long story short",0.546,0.73,0.169668023234646,1,0.0417,0.66,0.179,0.0972,0.573,0.636546899931616,FALSE
"evermore",2020-12-11,13,"marjorie",0.535,0.561,0.0690398755727843,1,0.0484,0.876,0.000136,0.115,0.287,0.196382778664235,FALSE
"evermore",2020-12-11,14,"closure",0.689,0.704,0.0829277724857124,1,0.245,0.835,4.83e-06,0.134,0.92,0.59372863004331,FALSE
"evermore",2020-12-11,15,"evermore",0.39,0.27,0.0856446028890058,1,0.0308,0.937,0.00227,0.111,0.32,0.403486152268065,FALSE
"evermore",2020-12-11,16,"right where you left me",0.581,0.619,0.222638362955291,1,0.0282,0.769,0.000106,0.117,0.645,0.494222988374743,FALSE
"evermore",2020-12-11,17,"it's time to go",0.592,0.41,0.0572005230415928,1,0.0397,0.801,1.39e-05,0.09,0.416,0.594006439480283,FALSE
"Midnights",2022-10-21,1,"Lavender Haze",0.735,0.444,0.0887360310778668,1,0.0684,0.204,0.0012,0.17,0.0984,0.203043081832687,TRUE
"Midnights",2022-10-21,2,"Maroon",0.658,0.378,0.147910838816821,1,0.0379,0.0593,0,0.0976,0.0382,0.281371096421245,TRUE
"Midnights",2022-10-21,3,"Anti-Hero",0.638,0.634,0.219684795392972,1,0.0457,0.133,1.23e-06,0.152,0.519,0.202437599726465,FALSE
"Midnights",2022-10-21,4,"Snow On The Beach",0.659,0.323,0.0454464537209509,1,0.0436,0.735,0.00321,0.116,0.154,0.295425404604513,TRUE
"Midnights",2022-10-21,5,"You're On Your Own, Kid",0.694,0.38,0.0931751284201956,1,0.0614,0.416,8.47e-06,0.126,0.376,0.366922156371096,FALSE
"Midnights",2022-10-21,6,"Midnight Rain",0.636,0.377,0.0672821715521548,1,0.0708,0.71,6.51e-05,0.115,0.23,0.508832915431958,FALSE
"Midnights",2022-10-21,7,"Question...?",0.751,0.502,0.13252566739591,1,0.162,0.226,0,0.297,0.112,0.288173865967632,TRUE
"Midnights",2022-10-21,8,"Vigilante Shit",0.87,0.279,0.0770193767609796,0,0.364,0.16,1.74e-05,0.121,0.16,0.081647481194438,TRUE
"Midnights",2022-10-21,9,"Bejeweled",0.7,0.55,0.122179966016487,1,0.0653,0.0661,0.000102,0.091,0.412,0.680056131752906,FALSE
"Midnights",2022-10-21,10,"Labyrinth",0.487,0.313,0.028615411789812,1,0.0487,0.791,0.348,0.124,0.141,0.295653350809209,FALSE
"Midnights",2022-10-21,11,"Karma",0.649,0.622,0.197060690398911,1,0.0582,0.074,0,0.594,0.106,0.15308012309095,TRUE
"Midnights",2022-10-21,12,"Sweet Nothing",0.334,0.161,0.0325461783498046,1,0.0506,0.967,4.71e-05,0.115,0.396,0.770835707772966,FALSE
"Midnights",2022-10-21,13,"Mastermind",0.661,0.352,0.039111097238893,1,0.117,0.571,0.00147,0.0884,0.13,0.408878504672897,FALSE
"Midnights",2022-10-21,14,"The Great War",0.573,0.741,0.126269947529497,1,0.0353,0.219,2.23e-05,0.0842,0.554,0.195763049920219,FALSE
"Midnights",2022-10-21,15,"Bigger Than The Whole Sky",0.422,0.235,0.0578229174266034,1,0.0568,0.826,0.00648,0.115,0.068,0.692215637109642,FALSE
"Midnights",2022-10-21,16,"Paris",0.7,0.509,0.0881657690262191,1,0.0789,0.112,3.27e-05,0.137,0.345,0.302121324367449,FALSE
"Midnights",2022-10-21,17,"High Infidelity",0.646,0.529,0.0959621567110341,1,0.0864,0.723,0,0.0885,0.755,0.137679507636198,FALSE
"Midnights",2022-10-21,18,"Glitch",0.675,0.466,0.10621845986687,0,0.201,0.361,0,0.11,0.347,0.515229655801231,FALSE
"Midnights",2022-10-21,19,"Would've, Could've, Should've",0.483,0.84,0.223460105773122,1,0.119,0.43,0.000575,0.146,0.55,0.637145258718942,FALSE
"Midnights",2022-10-21,20,"Dear Reader",0.562,0.388,0.0618301072751714,1,0.0705,0.481,0.00145,0.117,0.159,0.27932670389788,FALSE
